,00:00,10:10,13:13,13:28,16:24
,10:59,13:46,14:02,17:15
,11:04,14:14,14:29,15:23
,12:16,14:46,15:01
,16:32
,11:59,14:30,14:45,16:14
,11:47,14:05,14:20,16:02
,09:46,12:00,12:16,14:02,10:25,12:28,12:44,14:41,12:29,14:50,15:06
,16:50
,11:31,13:31,13:47,15:48
,11:34,13:55,14:11,15:46
,11:50,13:52,14:08,16:07
,11:36,13:43,13:59,15:52
,12:17,14:19,14:35,16:33
,11:46,13:48,14:04,16:03
,12:17,14:24,14:40,16:33
,12:11,14:19,14:35,16:26
,11:38,13:39,13:55,15:54
,11:58,14:05,14:21,16:14
,11:33,13:56,14:12,15:49
,10:53,13:26,13:41,16:09
,10:46,12:57,13:13,16:02
,10:36,12:57,13:13,15:52
,10:43,12:55,13:11,15:59
,10:50,13:54,14:09,16:02
,12:06,14:16,14:32,17:22
,11:57,14:25,14:41,17:12
,11:57,14:02,14:18,17:17
,11:43,14:19,14:36,16:59
,11:57,14:01,14:17,17:12
,12:37,14:37,14:53,17:54
,11:54,14:15,14:37,17:20
,10:54,13:01,13:17,16:11
,11:42,14:14,14:30,16:49
,12:03,14:31,14:47,17:17
,12:00,14:14,14:30,17:15
,11:54,14:15,14:31,17:10
,11:35,14:09,14:25,16:51
,11:52,14:22,14:38,17:07
,11:39,13:45,14:01,16:54
,09:14,12:01,12:17,14:29,10:09,12:54,13:11,15:26
,10:45,12:55,13:11,15:58
,09:24,12:06,12:21,14:38,11:22,13:45,14:01,17:36
,09:48,12:50,13:06,16:04
,09:40,13:07,13:23,15:56
,09:29,12:50,13:16,15:54
,09:30,13:00,13:23,15:54
,09:12,13:04,13:26,15:34
,09:03,13:06,13:29,15:24
,09:05,13:02,13:25,15:27
,09:00,13:02,13:23,15:20
,09:23,13:01,13:26,15:48
,09:26,13:05,13:33,15:54
,09:26,13:01,13:18,15:43
,09:22,13:10,13:31,15:43
,09:56,13:05,13:24,16:14
,10:50,12:58,13:14,17:05
,09:07,12:52,13:07,15:11
,10:38,12:57,13:13,16:48
,09:17,12:39,12:55,15:33
,09:03,12:24,12:40,15:19
,09:07,12:38,13:00,15:28
,09:28,12:34,12:51,15:46
,09:08,13:07,13:23,15:24
,10:02,13:32,13:48,16:18
,11:06,13:36,13:51,17:21
,09:17,12:31,12:47,15:33
,09:02,11:48,12:04,15:05
,09:29,13:17,13:33,15:47
,09:29,13:13,13:30,15:48
,09:26,12:21,12:37,15:42
,09:23,12:58,13:14,15:39
,10:10,13:02,13:18,14:34,09:15,13:09,13:25,15:32
,11:18,14:37,14:53,17:34
,09:17,13:05,13:21,15:33
,09:28,12:56,13:12,15:44
,09:22,13:15,13:31,15:38
,11:42,14:52,15:08
,17:58
,10:56,13:32,13:48,17:12
,08:45,11:45,12:01,13:24,10:10,13:42,13:59,16:28
,09:27,12:59,13:15,15:43
,10:21,13:39,13:55,16:38
,09:25,13:21,13:37,15:35
,09:02,13:17,13:33,15:26
,09:06,12:52,13:08,15:23
,09:44,13:10,13:27,16:01
,09:28,12:59,13:16,15:45
,09:12,13:08,13:24,15:29
,08:51,12:38,12:54,15:04
,08:53,12:46,13:02,15:10
,09:34,13:38,13:54,15:56
,09:25,13:13,13:29,15:42
,08:53,12:33,12:49,15:08
,08:56,12:33,12:49,15:05
,09:40,13:32,13:48,16:00
,09:56,12:52,13:08,16:12
,10:13,13:26,13:46,16:32
,10:24,13:50,14:06,16:40
,10:42,14:02,14:18,16:57
,11:10,13:31,13:47,17:25
,09:15,13:19,13:35,15:31
,10:53,13:34,13:50,17:08
,10:47,13:29,13:45,17:03
,09:05,13:02,13:18,15:22
,09:36,13:02,13:18,15:53
,11:08,13:59,14:15,17:23
,10:25,14:00,14:16,16:41
,11:05,14:29,14:45,17:21
,11:04,15:10
,15:26
,17:20
,10:51,14:30,14:47,17:09
,10:54,14:05,14:23,17:12
,08:20,12:16,12:31,14:34,10:52,14:01,14:17,17:06
,11:32,15:19
,15:38
,17:48
,11:28,14:12,14:32,17:48
,10:17,14:26,14:42,16:33
,10:26,13:53,14:09,16:41
,10:49,13:55,14:11,17:04
,10:13,13:50,14:06,16:29
,09:06,12:30,13:36,17:59
,09:23,11:30,12:31,17:05
,10:19,13:09,13:25,16:36
,10:39,14:02,14:18,16:54
,10:07,12:30,10:25,13:16,13:32,16:41
,10:15,13:50,14:06,16:31
,10:19,14:02,14:18,16:32
,10:26,13:50,14:06,16:42
,09:18,13:37,13:53,15:34
,10:10,14:18,14:34,16:26
,09:03,13:10,13:26,15:19
,09:58,13:48,14:04,16:14
,09:57,13:43,13:59,16:16
,08:58,12:02,12:18,15:15
,10:29,13:16,13:32,16:48
,09:24,12:29,12:45,15:53
,09:55,13:25,13:41,16:12
,10:18,12:49,13:05,16:34
,10:19,14:07,14:23,16:35
,10:26,13:44,14:01,16:41
,10:28,13:16,13:32,16:44
,10:39,14:16,14:32,16:57
,10:01,13:58,14:18,16:21
,09:55,13:35,13:51,16:11
,10:11,14:05,14:18,16:24
,08:34,12:03,12:22,14:51,09:00,12:27,12:44,15:16
,10:11,14:25,14:41,16:27
,09:02,13:30,13:46,15:17
,09:40,13:00,13:16,15:56
,09:14,13:33,13:49,15:33
,09:58,13:49,14:05,16:14
,09:43,12:38,12:54,15:59
,11:54,15:56
,09:58,13:06,13:23,16:15
,10:03,13:25,13:41,16:16
,09:44,12:44,13:00,16:00
,09:49,13:28,13:44,16:05
,09:48,13:21,13:37,16:03
,10:06,13:47,14:03,16:21
,09:04,13:39,13:55,15:20
,09:23,14:03,14:20,15:40
,08:59,12:34,12:50,15:13
,09:23,13:25,13:41,15:38
,09:03,13:06,13:22,15:16
,09:58,13:21,13:37,16:14
,09:05,13:29,13:45,15:23
,09:27,13:27,13:43,15:43
,09:09,13:21,13:37,15:24
,09:45,13:06,13:22,15:55
,09:21,13:26,13:42,15:36
,09:18,12:54,13:10,15:33
,08:57,12:46,13:02,15:15
,09:04,13:04,13:20,15:20
,11:14,13:28,13:44,17:38
,09:26,13:31,13:47,15:42
,09:21,13:26,13:42,15:36
,09:35,12:30,12:45,15:52
,09:20,13:03,13:19,15:37
,09:47,13:45,14:01,16:03
,09:42,13:09,13:25,15:59
,10:28,14:10,14:26,16:43
,10:06,13:41,13:57,16:17
,09:19,13:05,13:21,15:39
,09:15,13:13,09:42,13:36,13:52,15:56
,08:59,12:56,13:12,15:15
,09:12,13:16,13:32,15:31
,09:09,12:16,12:32,14:03,09:21,13:50,14:06,15:37
,09:32,13:05,13:21,15:47
,09:47,13:04,13:20,16:00
,09:14,13:48,14:04,15:31
,09:09,13:32,13:48,15:25
,09:48,13:48,14:04,15:59
,09:02,12:42,12:58,15:18
,09:25,13:21,13:37,15:42
,09:16,12:14,12:30,15:35
,09:21,13:13,13:29,15:36
,09:29,12:26,12:42,15:45
,11:02,13:49,14:05,15:22
,09:27,14:12,14:28,15:44
,09:18,12:41,12:59,15:36
,09:31,12:56,13:11,15:45
,09:29,12:35,12:51,15:46
,10:37,13:41,13:57,16:45
,09:46,13:49,14:05,16:02
,09:35,13:19,13:35,15:46
,09:20,13:19,13:35,15:36
,10:00,12:55,13:11,16:06
,08:34,13:21,13:37,14:48,09:24,13:09,13:25,15:40
,09:31,13:31,13:49,15:48
,09:39,13:30,13:46,15:53
,08:40,13:26,13:42,14:56,09:15,14:31,14:47,15:32
,09:35,13:36,13:52,15:51
,09:26,14:04,14:20,15:42
,09:25,13:20,13:36,15:41
,09:15,13:41,13:57,15:30
,10:10,13:20,13:36,16:21
,09:32,13:17,13:34,15:49
,09:15,13:25,13:41,15:31
,08:41,13:07,13:23,14:58,09:39,13:50,14:06,15:56
,09:27,13:24,13:40,15:43
,09:45,13:26,13:42,16:01
,09:41,13:52,14:08,15:57
,09:09,13:23,13:39,15:23
,09:23,14:42,14:58,15:39
,09:30,13:58,14:14,15:38
,09:57,14:30,14:46,16:14
,11:15,14:05,14:21,17:34
,09:51,14:16,14:32,15:59
,09:16,13:25,13:41,15:29
,09:35,13:35,13:50,15:51
,09:45,14:33,14:49,15:54
,10:02,13:51,14:22,16:30
,12:58,16:57
,09:18,13:25,13:41,15:37
,09:07,13:04,13:20,15:23
,08:58,12:57,09:32,13:34,13:50,14:08,08:27,10:32,14:13,16:02
,09:32,13:13,13:29,15:48
,09:18,13:46,14:02,15:33
,10:12,14:03,14:19,16:29
,08:55,12:54,09:33,13:50,14:08,15:52
,09:18,13:53,14:09,15:36
,09:32,13:54,14:10,15:48
,11:16,14:48,15:04
,16:12
,10:38,13:54,14:09,16:51
,09:18,13:18,13:34,15:35
,09:42,13:36,13:55,16:01
,09:15,13:34,13:51,15:30
,09:48,13:54,14:11,16:05
,09:28,13:02,13:19,15:45
,09:42,12:00,12:16,15:59
,09:45,11:30,11:46,16:02
,09:27,13:31,13:48,15:44
,09:25,13:05,13:21,15:42
,09:33,13:37,13:53,15:49
,09:45,13:05,13:21,16:02
,11:18,14:40,14:59,17:34
,09:17,13:06,13:22,15:45
,10:34,14:43,14:59,16:49
,09:43,13:09,13:29,16:02
,09:20,13:35,13:51,15:36
,09:29,13:19,13:35,15:43
,09:10,12:24,12:40,15:25
,09:22,13:53,14:09,15:38
,09:29,14:10,14:28,15:41
,08:40,13:23,13:39,14:56,09:38,13:47,14:03,15:52
,09:26,13:24,13:42,15:43
,09:27,13:59,14:15,15:38
,09:38,13:32,13:48,16:01
,09:24,12:50,13:12,15:44
,09:43,13:07,13:23,15:57
,09:33,13:50,14:07,15:52
,09:36,13:35,13:51,15:46
,11:04,14:21,14:37,17:25
,09:37,14:31,14:47,15:49
,09:40,14:20,14:36,15:54
,09:38,13:30,13:47,15:47
,09:33,13:50,14:06,15:48
,11:08,13:58,14:14,17:20
,09:45,13:26,13:42,16:00
,10:40,14:20,14:36,16:49
,09:41,13:50,14:06,15:52
,10:09,14:13,14:29,15:02
,10:40,13:40,13:57,16:57
,09:06,14:24,14:40,15:24
,09:21,13:57,14:13,15:37
,09:18,14:07,14:23,15:38
,09:17,14:09,14:25,15:31
,09:36,13:36,13:52,15:52
,11:38,15:03
,15:19
,17:45
,09:42,13:12,13:28,15:58
,09:09,13:54,14:09,15:19
,09:40,12:06,12:23,15:56
,09:17,13:17,13:33,15:34
,09:15,13:36,13:52,15:31
,09:21,13:26,13:42,15:38
,09:23,13:27,13:43,15:39
,11:10,14:02,14:18,17:31
,09:35,13:49,14:05,15:51
,09:14,13:15,13:31,15:29
,11:08,13:56,14:13,17:20
,09:42,13:16,13:33,16:00
,09:41,13:39,13:55,15:50
,09:34,13:45,14:01,15:50
,11:04,13:39,13:58,15:46
,09:32,14:10,14:27,15:47
,09:46,12:51,13:07,16:00
,09:57,14:37,14:53,16:13
,09:30,13:57,14:13,15:49
,09:29,13:57,14:13,15:47
,08:17,12:16,12:33,13:43,10:53,14:06,14:22,15:52
,09:19,12:41,12:58,15:47
,09:29,13:17,13:33,15:45
,12:01,15:56
,11:22,14:27,14:43,17:36
,11:04,15:05
,15:23
,16:00
,09:35,13:47,14:04,15:51
,09:12,13:00,13:16,15:28
,09:27,14:02,14:18,15:43
,09:22,13:11,13:27,15:38
,09:33,13:51,14:07,15:43
,09:24,13:45,14:01,15:41
,09:27,13:23,13:39,15:45
,09:55,14:16,14:33,16:09
,09:38,13:38,13:54,15:56
,09:49,14:23,14:40,16:08
,11:27,13:59,14:15,17:43
,09:19,12:47,13:03,15:36
,13:38,17:25
,08:19,11:40,12:00,14:34,10:30,13:04,13:21,16:43
,09:37,14:01,14:17,15:52
,09:51,13:38,13:54,15:59
,10:31,13:58,14:16,16:48
,09:55,13:08,13:24,16:06
,09:01,12:03,12:19,15:18
,08:06,11:38,09:13,13:01,13:17,15:30
,09:21,12:57,13:13,15:36
,09:47,13:22,13:38,16:06
,09:10,12:41,12:57,15:27
,08:50,12:47,13:03,15:04
,11:57,15:55
,11:33,13:28,13:59,17:56
,09:12,12:52,13:08,15:21
,09:32,13:34,13:50,15:48
,09:31,12:27,12:43,15:49
,09:37,12:12,12:28,15:52
,09:05,12:58,13:14,15:19
,09:24,13:15,13:31,15:40
,09:37,13:33,13:49,15:54
,09:40,12:13,12:29,15:56
,09:28,13:23,13:39,15:44
,09:18,13:07,09:08,13:03,13:19,15:18
,08:33,12:22,12:40,14:50,08:49,12:45,13:01,15:04
,09:07,12:29,12:45,15:25
,11:25,13:35,13:51,17:43
,08:40,12:46,13:02,14:54,09:05,13:15,13:42,15:34
,08:39,12:22,12:38,14:55,09:37,13:37,13:53,15:53
,12:29,16:24
,09:31,12:48,13:05,15:49
,12:27,16:24
,09:54,13:51,14:07,16:13
,08:57,12:45,13:00,15:12
,09:34,13:29,13:52,15:59
,09:28,12:58,13:14,15:44
,09:30,12:38,12:54,15:44
,10:06,13:23,13:39,16:19
,09:45,13:18,13:34,16:01
,09:45,12:23,12:39,16:00
,11:03,14:24,14:40,17:18
,10:44,13:05,13:22,16:59
,10:01,13:59,10:58,14:55,09:33,12:37,12:53,15:47
,10:05,12:45,13:02,16:22
,09:34,12:42,13:00,15:51
,12:17,16:16
,09:51,12:59,13:16,16:12
,10:01,13:08,13:27,16:20
,09:55,12:46,13:03,16:05
,09:58,13:08,13:28,16:18
,09:44,12:03,12:20,16:01
,10:46,14:44,09:27,11:59,12:15,15:45
,10:12,12:38,12:55,16:28
,09:53,12:25,12:41,16:08
,09:49,12:24,12:40,16:05
,09:55,12:53,13:09,16:11
,09:54,12:30,12:46,16:04
,10:01,12:26,12:43,16:20
,09:55,12:41,13:02,16:16
,10:18,12:45,13:05,16:36
,11:45,15:42
,09:52,13:06,13:31,16:18
,09:43,13:06,13:33,16:10
,10:06,12:43,12:59,16:23
,09:49,12:42,12:58,15:24
,09:57,13:34,13:50,16:13
,11:02,15:00
,00:00,10:10,13:13,13:28,16:24
,10:59,13:46,14:02,17:15
,11:04,14:14,14:29,15:23
,12:16,14:46,15:01
,16:32
,11:59,14:30,14:45,16:14
,11:47,14:05,14:20,16:02
,09:46,12:00,12:16,14:02,10:25,12:28,12:44,14:41,12:29,14:50,15:06
,16:50
,11:31,13:31,13:47,15:48
,11:34,13:55,14:11,15:46
,11:50,13:52,14:08,16:07
,11:36,13:43,13:59,15:52
,12:17,14:19,14:35,16:33
,11:46,13:48,14:04,16:03
,12:17,14:24,14:40,16:33
,12:11,14:19,14:35,16:26
,11:38,13:39,13:55,15:54
,11:58,14:05,14:21,16:14
,11:33,13:56,14:12,15:49
,10:53,13:26,13:41,16:09
,10:46,12:57,13:13,16:02
,10:36,12:57,13:13,15:52
,10:43,12:55,13:11,15:59
,10:50,13:54,14:09,16:02
,12:06,14:16,14:32,17:22
,11:57,14:25,14:41,17:12
,11:57,14:02,14:18,17:17
,11:43,14:19,14:36,16:59
,11:57,14:01,14:17,17:12
,12:37,14:37,14:53,17:54
,11:54,14:15,14:37,17:20
,10:54,13:01,13:17,16:11
,11:42,14:14,14:30,16:49
,12:03,14:31,14:47,17:17
,12:00,14:14,14:30,17:15
,11:54,14:15,14:31,17:10
,11:35,14:09,14:25,16:51
,11:52,14:22,14:38,17:07
,11:39,13:45,14:01,16:54
,09:14,12:01,12:17,14:29,10:09,12:54,13:11,15:26
,10:45,12:55,13:11,15:58
,09:24,12:06,12:21,14:38,11:22,13:45,14:01,17:36
,09:48,12:50,13:06,16:04
,09:40,13:07,13:23,15:56
,09:29,12:50,13:16,15:54
,09:30,13:00,13:23,15:54
,09:12,13:04,13:26,15:34
,09:03,13:06,13:29,15:24
,09:05,13:02,13:25,15:27
,09:00,13:02,13:23,15:20
,09:23,13:01,13:26,15:48
,09:26,13:05,13:33,15:54
,09:26,13:01,13:18,15:43
,09:22,13:10,13:31,15:43
,09:56,13:05,13:24,16:14
,10:50,12:58,13:14,17:05
,09:07,12:52,13:07,15:11
,10:38,12:57,13:13,16:48
,09:17,12:39,12:55,15:33
,09:03,12:24,12:40,15:19
,09:07,12:38,13:00,15:28
,09:28,12:34,12:51,15:46
,09:08,13:07,13:23,15:24
,10:02,13:32,13:48,16:18
,11:06,13:36,13:51,17:21
,09:17,12:31,12:47,15:33
,09:02,11:48,12:04,15:05
,09:29,13:17,13:33,15:47
,09:29,13:13,13:30,15:48
,09:26,12:21,12:37,15:42
,09:23,12:58,13:14,15:39
,10:10,13:02,13:18,14:34,09:15,13:09,13:25,15:32
,11:18,14:37,14:53,17:34
,09:17,13:05,13:21,15:33
,09:28,12:56,13:12,15:44
,09:22,13:15,13:31,15:38
,11:42,14:52,15:08
,17:58
,10:56,13:32,13:48,17:12
,08:45,11:45,12:01,13:24,10:10,13:42,13:59,16:28
,09:27,12:59,13:15,15:43
,10:21,13:39,13:55,16:38
,09:25,13:21,13:37,15:35
,09:02,13:17,13:33,15:26
,09:06,12:52,13:08,15:23
,09:44,13:10,13:27,16:01
,09:28,12:59,13:16,15:45
,09:12,13:08,13:24,15:29
,08:51,12:38,12:54,15:04
,08:53,12:46,13:02,15:10
,09:34,13:38,13:54,15:56
,09:25,13:13,13:29,15:42
,08:53,12:33,12:49,15:08
,08:56,12:33,12:49,15:05
,09:40,13:32,13:48,16:00
,09:56,12:52,13:08,16:12
,10:13,13:26,13:46,16:32
,10:24,13:50,14:06,16:40
,10:42,14:02,14:18,16:57
,11:10,13:31,13:47,17:25
,09:15,13:19,13:35,15:31
,10:53,13:34,13:50,17:08
,10:47,13:29,13:45,17:03
,09:05,13:02,13:18,15:22
,09:36,13:02,13:18,15:53
,11:08,13:59,14:15,17:23
,10:25,14:00,14:16,16:41
,11:05,14:29,14:45,17:21
,11:04,15:10
,15:26
,17:20
,10:51,14:30,14:47,17:09
,10:54,14:05,14:23,17:12
,08:20,12:16,12:31,14:34,10:52,14:01,14:17,17:06
,11:32,15:19
,15:38
,17:48
,11:28,14:12,14:32,17:48
,10:17,14:26,14:42,16:33
,10:26,13:53,14:09,16:41
,10:49,13:55,14:11,17:04
,10:13,13:50,14:06,16:29
,09:06,12:30,13:36,17:59
,09:23,11:30,12:31,17:05
,10:19,13:09,13:25,16:36
,10:39,14:02,14:18,16:54
,10:07,12:30,10:25,13:16,13:32,16:41
,10:15,13:50,14:06,16:31
,10:19,14:02,14:18,16:32
,10:26,13:50,14:06,16:42
,09:18,13:37,13:53,15:34
,10:10,14:18,14:34,16:26
,09:03,13:10,13:26,15:19
,09:58,13:48,14:04,16:14
,09:57,13:43,13:59,16:16
,08:58,12:02,12:18,15:15
,10:29,13:16,13:32,16:48
,09:24,12:29,12:45,15:53
,09:55,13:25,13:41,16:12
,10:18,12:49,13:05,16:34
,10:19,14:07,14:23,16:35
,10:26,13:44,14:01,16:41
,10:28,13:16,13:32,16:44
,10:39,14:16,14:32,16:57
,10:01,13:58,14:18,16:21
,09:55,13:35,13:51,16:11
,10:11,14:05,14:18,16:24
,08:34,12:03,12:22,14:51,09:00,12:27,12:44,15:16
,10:11,14:25,14:41,16:27
,09:02,13:30,13:46,15:17
,09:40,13:00,13:16,15:56
,09:14,13:33,13:49,15:33
,09:58,13:49,14:05,16:14
,09:43,12:38,12:54,15:59
,11:54,15:56
,09:58,13:06,13:23,16:15
,10:03,13:25,13:41,16:16
,09:44,12:44,13:00,16:00
,09:49,13:28,13:44,16:05
,09:48,13:21,13:37,16:03
,10:06,13:47,14:03,16:21
,09:04,13:39,13:55,15:20
,09:23,14:03,14:20,15:40
,08:59,12:34,12:50,15:13
,09:23,13:25,13:41,15:38
,09:03,13:06,13:22,15:16
,09:58,13:21,13:37,16:14
,09:05,13:29,13:45,15:23
,09:27,13:27,13:43,15:43
,09:09,13:21,13:37,15:24
,09:45,13:06,13:22,15:55
,09:21,13:26,13:42,15:36
,09:18,12:54,13:10,15:33
,08:57,12:46,13:02,15:15
,09:04,13:04,13:20,15:20
,11:14,13:28,13:44,17:38
,09:26,13:31,13:47,15:42
,09:21,13:26,13:42,15:36
,09:35,12:30,12:45,15:52
,09:20,13:03,13:19,15:37
,09:47,13:45,14:01,16:03
,09:42,13:09,13:25,15:59
,10:28,14:10,14:26,16:43
,10:06,13:41,13:57,16:17
,09:19,13:05,13:21,15:39
,09:15,13:13,09:42,13:36,13:52,15:56
,08:59,12:56,13:12,15:15
,09:12,13:16,13:32,15:31
,09:09,12:16,12:32,14:03,09:21,13:50,14:06,15:37
,09:32,13:05,13:21,15:47
,09:47,13:04,13:20,16:00
,09:14,13:48,14:04,15:31
,09:09,13:32,13:48,15:25
,09:48,13:48,14:04,15:59
,09:02,12:42,12:58,15:18
,09:25,13:21,13:37,15:42
,09:16,12:14,12:30,15:35
,09:21,13:13,13:29,15:36
,09:29,12:26,12:42,15:45
,11:02,13:49,14:05,15:22
,09:27,14:12,14:28,15:44
,09:18,12:41,12:59,15:36
,09:31,12:56,13:11,15:45
,09:29,12:35,12:51,15:46
,10:37,13:41,13:57,16:45
,09:46,13:49,14:05,16:02
,09:35,13:19,13:35,15:46
,09:20,13:19,13:35,15:36
,10:00,12:55,13:11,16:06
,08:34,13:21,13:37,14:48,09:24,13:09,13:25,15:40
,09:31,13:31,13:49,15:48
,09:39,13:30,13:46,15:53
,08:40,13:26,13:42,14:56,09:15,14:31,14:47,15:32
,09:35,13:36,13:52,15:51
,09:26,14:04,14:20,15:42
,09:25,13:20,13:36,15:41
,09:15,13:41,13:57,15:30
,10:10,13:20,13:36,16:21
,09:32,13:17,13:34,15:49
,09:15,13:25,13:41,15:31
,08:41,13:07,13:23,14:58,09:39,13:50,14:06,15:56
,09:27,13:24,13:40,15:43
,09:45,13:26,13:42,16:01
,09:41,13:52,14:08,15:57
,09:09,13:23,13:39,15:23
,09:23,14:42,14:58,15:39
,09:30,13:58,14:14,15:38
,09:57,14:30,14:46,16:14
,11:15,14:05,14:21,17:34
,09:51,14:16,14:32,15:59
,09:16,13:25,13:41,15:29
,09:35,13:35,13:50,15:51
,09:45,14:33,14:49,15:54
,10:02,13:51,14:22,16:30
,12:58,16:57
,09:18,13:25,13:41,15:37
,09:07,13:04,13:20,15:23
,08:58,12:57,09:32,13:34,13:50,14:08,08:27,10:32,14:13,16:02
,09:32,13:13,13:29,15:48
,09:18,13:46,14:02,15:33
,10:12,14:03,14:19,16:29
,08:55,12:54,09:33,13:50,14:08,15:52
,09:18,13:53,14:09,15:36
,09:32,13:54,14:10,15:48
,11:16,14:48,15:04
,16:12
,10:38,13:54,14:09,16:51
,09:18,13:18,13:34,15:35
,09:42,13:36,13:55,16:01
,09:15,13:34,13:51,15:30
,09:48,13:54,14:11,16:05
,09:28,13:02,13:19,15:45
,09:42,12:00,12:16,15:59
,09:45,11:30,11:46,16:02
,09:27,13:31,13:48,15:44
,09:25,13:05,13:21,15:42
,09:33,13:37,13:53,15:49
,09:45,13:05,13:21,16:02
,11:18,14:40,14:59,17:34
,09:17,13:06,13:22,15:45
,10:34,14:43,14:59,16:49
,09:43,13:09,13:29,16:02
,09:20,13:35,13:51,15:36
,09:29,13:19,13:35,15:43
,09:10,12:24,12:40,15:25
,09:22,13:53,14:09,15:38
,09:29,14:10,14:28,15:41
,08:40,13:23,13:39,14:56,09:38,13:47,14:03,15:52
,09:26,13:24,13:42,15:43
,09:27,13:59,14:15,15:38
,09:38,13:32,13:48,16:01
,09:24,12:50,13:12,15:44
,09:43,13:07,13:23,15:57
,09:33,13:50,14:07,15:52
,09:36,13:35,13:51,15:46
,11:04,14:21,14:37,17:25
,09:37,14:31,14:47,15:49
,09:40,14:20,14:36,15:54
,09:38,13:30,13:47,15:47
,09:33,13:50,14:06,15:48
,11:08,13:58,14:14,17:20
,09:45,13:26,13:42,16:00
,10:40,14:20,14:36,16:49
,09:41,13:50,14:06,15:52
,10:09,14:13,14:29,15:02
,10:40,13:40,13:57,16:57
,09:06,14:24,14:40,15:24
,09:21,13:57,14:13,15:37
,09:18,14:07,14:23,15:38
,09:17,14:09,14:25,15:31
,09:36,13:36,13:52,15:52
,11:38,15:03
,15:19
,17:45
,09:42,13:12,13:28,15:58
,09:09,13:54,14:09,15:19
,09:40,12:06,12:23,15:56
,09:17,13:17,13:33,15:34
,09:15,13:36,13:52,15:31
,09:21,13:26,13:42,15:38
,09:23,13:27,13:43,15:39
,11:10,14:02,14:18,17:31
,09:35,13:49,14:05,15:51
,09:14,13:15,13:31,15:29
,11:08,13:56,14:13,17:20
,09:42,13:16,13:33,16:00
,09:41,13:39,13:55,15:50
,09:34,13:45,14:01,15:50
,11:04,13:39,13:58,15:46
,09:32,14:10,14:27,15:47
,09:46,12:51,13:07,16:00
,09:57,14:37,14:53,16:13
,09:30,13:57,14:13,15:49
,09:29,13:57,14:13,15:47
,08:17,12:16,12:33,13:43,10:53,14:06,14:22,15:52
,09:19,12:41,12:58,15:47
,09:29,13:17,13:33,15:45
,12:01,15:56
,11:22,14:27,14:43,17:36
,11:04,15:05
,15:23
,16:00
,09:35,13:47,14:04,15:51
,09:12,13:00,13:16,15:28
,09:27,14:02,14:18,15:43
,09:22,13:11,13:27,15:38
,09:33,13:51,14:07,15:43
,09:24,13:45,14:01,15:41
,09:27,13:23,13:39,15:45
,09:55,14:16,14:33,16:09
,09:38,13:38,13:54,15:56
,09:49,14:23,14:40,16:08
,11:27,13:59,14:15,17:43
,09:19,12:47,13:03,15:36
,13:38,17:25
,08:19,11:40,12:00,14:34,10:30,13:04,13:21,16:43
,09:37,14:01,14:17,15:52
,09:51,13:38,13:54,15:59
,10:31,13:58,14:16,16:48
,09:55,13:08,13:24,16:06
,09:01,12:03,12:19,15:18
,08:06,11:38,09:13,13:01,13:17,15:30
,09:21,12:57,13:13,15:36
,09:47,13:22,13:38,16:06
,09:10,12:41,12:57,15:27
,08:50,12:47,13:03,15:04
,11:57,15:55
,11:33,13:28,13:59,17:56
,09:12,12:52,13:08,15:21
,09:32,13:34,13:50,15:48
,09:31,12:27,12:43,15:49
,09:37,12:12,12:28,15:52
,09:05,12:58,13:14,15:19
,09:24,13:15,13:31,15:40
,09:37,13:33,13:49,15:54
,09:40,12:13,12:29,15:56
,09:28,13:23,13:39,15:44
,09:18,13:07,09:08,13:03,13:19,15:18
,08:33,12:22,12:40,14:50,08:49,12:45,13:01,15:04
,09:07,12:29,12:45,15:25
,11:25,13:35,13:51,17:43
,08:40,12:46,13:02,14:54,09:05,13:15,13:42,15:34
,08:39,12:22,12:38,14:55,09:37,13:37,13:53,15:53
,12:29,16:24
,09:31,12:48,13:05,15:49
,12:27,16:24
,09:54,13:51,14:07,16:13
,08:57,12:45,13:00,15:12
,09:34,13:29,13:52,15:59
,09:28,12:58,13:14,15:44
,09:30,12:38,12:54,15:44
,10:06,13:23,13:39,16:19
,09:45,13:18,13:34,16:01
,09:45,12:23,12:39,16:00
,11:03,14:24,14:40,17:18
,10:44,13:05,13:22,16:59
,10:01,13:59,10:58,14:55,09:33,12:37,12:53,15:47
,10:05,12:45,13:02,16:22
,09:34,12:42,13:00,15:51
,12:17,16:16
,09:51,12:59,13:16,16:12
,10:01,13:08,13:27,16:20
,09:55,12:46,13:03,16:05
,09:58,13:08,13:28,16:18
,09:44,12:03,12:20,16:01
,10:46,14:44,09:27,11:59,12:15,15:45
,10:12,12:38,12:55,16:28
,09:53,12:25,12:41,16:08
,09:49,12:24,12:40,16:05
,09:55,12:53,13:09,16:11
,09:54,12:30,12:46,16:04
,10:01,12:26,12:43,16:20
,09:55,12:41,13:02,16:16
,10:18,12:45,13:05,16:36
,11:45,15:42
,09:52,13:06,13:31,16:18
,09:43,13:06,13:33,16:10
,10:06,12:43,12:59,16:23
,09:49,12:42,12:58,15:24
,09:57,13:34,13:50,16:13
,11:02,15:00
,00:00,10:10,13:13,13:28,16:24
,10:59,13:46,14:02,17:15
,11:04,14:14,14:29,15:23
,12:16,14:46,15:01
,16:32
,11:59,14:30,14:45,16:14
,11:47,14:05,14:20,16:02
,09:46,12:00,12:16,14:02,10:25,12:28,12:44,14:41,12:29,14:50,15:06
,16:50
,11:31,13:31,13:47,15:48
,11:34,13:55,14:11,15:46
,11:50,13:52,14:08,16:07
,11:36,13:43,13:59,15:52
,12:17,14:19,14:35,16:33
,11:46,13:48,14:04,16:03
,12:17,14:24,14:40,16:33
,12:11,14:19,14:35,16:26
,11:38,13:39,13:55,15:54
,11:58,14:05,14:21,16:14
,11:33,13:56,14:12,15:49
,10:53,13:26,13:41,16:09
,10:46,12:57,13:13,16:02
,10:36,12:57,13:13,15:52
,10:43,12:55,13:11,15:59
,10:50,13:54,14:09,16:02
,12:06,14:16,14:32,17:22
,11:57,14:25,14:41,17:12
,11:57,14:02,14:18,17:17
,11:43,14:19,14:36,16:59
,11:57,14:01,14:17,17:12
,12:37,14:37,14:53,17:54
,11:54,14:15,14:37,17:20
,10:54,13:01,13:17,16:11
,11:42,14:14,14:30,16:49
,12:03,14:31,14:47,17:17
,12:00,14:14,14:30,17:15
,11:54,14:15,14:31,17:10
,11:35,14:09,14:25,16:51
,11:52,14:22,14:38,17:07
,11:39,13:45,14:01,16:54
,09:14,12:01,12:17,14:29,10:09,12:54,13:11,15:26
,10:45,12:55,13:11,15:58
,09:24,12:06,12:21,14:38,11:22,13:45,14:01,17:36
,09:48,12:50,13:06,16:04
,09:40,13:07,13:23,15:56
,09:29,12:50,13:16,15:54
,09:30,13:00,13:23,15:54
,09:12,13:04,13:26,15:34
,09:03,13:06,13:29,15:24
,09:05,13:02,13:25,15:27
,09:00,13:02,13:23,15:20
,09:23,13:01,13:26,15:48
,09:26,13:05,13:33,15:54
,09:26,13:01,13:18,15:43
,09:22,13:10,13:31,15:43
,09:56,13:05,13:24,16:14
,10:50,12:58,13:14,17:05
,09:07,12:52,13:07,15:11
,10:38,12:57,13:13,16:48
,09:17,12:39,12:55,15:33
,09:03,12:24,12:40,15:19
,09:07,12:38,13:00,15:28
,09:28,12:34,12:51,15:46
,09:08,13:07,13:23,15:24
,10:02,13:32,13:48,16:18
,11:06,13:36,13:51,17:21
,09:17,12:31,12:47,15:33
,09:02,11:48,12:04,15:05
,09:29,13:17,13:33,15:47
,09:29,13:13,13:30,15:48
,09:26,12:21,12:37,15:42
,09:23,12:58,13:14,15:39
,10:10,13:02,13:18,14:34,09:15,13:09,13:25,15:32
,11:18,14:37,14:53,17:34
,09:17,13:05,13:21,15:33
,09:28,12:56,13:12,15:44
,09:22,13:15,13:31,15:38
,11:42,14:52,15:08
,17:58
,10:56,13:32,13:48,17:12
,08:45,11:45,12:01,13:24,10:10,13:42,13:59,16:28
,09:27,12:59,13:15,15:43
,10:21,13:39,13:55,16:38
,09:25,13:21,13:37,15:35
,09:02,13:17,13:33,15:26
,09:06,12:52,13:08,15:23
,09:44,13:10,13:27,16:01
,09:28,12:59,13:16,15:45
,09:12,13:08,13:24,15:29
,08:51,12:38,12:54,15:04
,08:53,12:46,13:02,15:10
,09:34,13:38,13:54,15:56
,09:25,13:13,13:29,15:42
,08:53,12:33,12:49,15:08
,08:56,12:33,12:49,15:05
,09:40,13:32,13:48,16:00
,09:56,12:52,13:08,16:12
,10:13,13:26,13:46,16:32
,10:24,13:50,14:06,16:40
,10:42,14:02,14:18,16:57
,11:10,13:31,13:47,17:25
,09:15,13:19,13:35,15:31
,10:53,13:34,13:50,17:08
,10:47,13:29,13:45,17:03
,09:05,13:02,13:18,15:22
,09:36,13:02,13:18,15:53
,11:08,13:59,14:15,17:23
,10:25,14:00,14:16,16:41
,11:05,14:29,14:45,17:21
,11:04,15:10
,15:26
,17:20
,10:51,14:30,14:47,17:09
,10:54,14:05,14:23,17:12
,08:20,12:16,12:31,14:34,10:52,14:01,14:17,17:06
,11:32,15:19
,15:38
,17:48
,11:28,14:12,14:32,17:48
,10:17,14:26,14:42,16:33
,10:26,13:53,14:09,16:41
,10:49,13:55,14:11,17:04
,10:13,13:50,14:06,16:29
,09:06,12:30,13:36,17:59
,09:23,11:30,12:31,17:05
,10:19,13:09,13:25,16:36
,10:39,14:02,14:18,16:54
,10:07,12:30,10:25,13:16,13:32,16:41
,10:15,13:50,14:06,16:31
,10:19,14:02,14:18,16:32
,10:26,13:50,14:06,16:42
,09:18,13:37,13:53,15:34
,10:10,14:18,14:34,16:26
,09:03,13:10,13:26,15:19
,09:58,13:48,14:04,16:14
,09:57,13:43,13:59,16:16
,08:58,12:02,12:18,15:15
,10:29,13:16,13:32,16:48
,09:24,12:29,12:45,15:53
,09:55,13:25,13:41,16:12
,10:18,12:49,13:05,16:34
,10:19,14:07,14:23,16:35
,10:26,13:44,14:01,16:41
,10:28,13:16,13:32,16:44
,10:39,14:16,14:32,16:57
,10:01,13:58,14:18,16:21
,09:55,13:35,13:51,16:11
,10:11,14:05,14:18,16:24
,08:34,12:03,12:22,14:51,09:00,12:27,12:44,15:16
,10:11,14:25,14:41,16:27
,09:02,13:30,13:46,15:17
,09:40,13:00,13:16,15:56
,09:14,13:33,13:49,15:33
,09:58,13:49,14:05,16:14
,09:43,12:38,12:54,15:59
,11:54,15:56
,09:58,13:06,13:23,16:15
,10:03,13:25,13:41,16:16
,09:44,12:44,13:00,16:00
,09:49,13:28,13:44,16:05
,09:48,13:21,13:37,16:03
,10:06,13:47,14:03,16:21
,09:04,13:39,13:55,15:20
,09:23,14:03,14:20,15:40
,08:59,12:34,12:50,15:13
,09:23,13:25,13:41,15:38
,09:03,13:06,13:22,15:16
,09:58,13:21,13:37,16:14
,09:05,13:29,13:45,15:23
,09:27,13:27,13:43,15:43
,09:09,13:21,13:37,15:24
,09:45,13:06,13:22,15:55
,09:21,13:26,13:42,15:36
,09:18,12:54,13:10,15:33
,08:57,12:46,13:02,15:15
,09:04,13:04,13:20,15:20
,11:14,13:28,13:44,17:38
,09:26,13:31,13:47,15:42
,09:21,13:26,13:42,15:36
,09:35,12:30,12:45,15:52
,09:20,13:03,13:19,15:37
,09:47,13:45,14:01,16:03
,09:42,13:09,13:25,15:59
,10:28,14:10,14:26,16:43
,10:06,13:41,13:57,16:17
,09:19,13:05,13:21,15:39
,09:15,13:13,09:42,13:36,13:52,15:56
,08:59,12:56,13:12,15:15
,09:12,13:16,13:32,15:31
,09:09,12:16,12:32,14:03,09:21,13:50,14:06,15:37
,09:32,13:05,13:21,15:47
,09:47,13:04,13:20,16:00
,09:14,13:48,14:04,15:31
,09:09,13:32,13:48,15:25
,09:48,13:48,14:04,15:59
,09:02,12:42,12:58,15:18
,09:25,13:21,13:37,15:42
,09:16,12:14,12:30,15:35
,09:21,13:13,13:29,15:36
,09:29,12:26,12:42,15:45
,11:02,13:49,14:05,15:22
,09:27,14:12,14:28,15:44
,09:18,12:41,12:59,15:36
,09:31,12:56,13:11,15:45
,09:29,12:35,12:51,15:46
,10:37,13:41,13:57,16:45
,09:46,13:49,14:05,16:02
,09:35,13:19,13:35,15:46
,09:20,13:19,13:35,15:36
,10:00,12:55,13:11,16:06
,08:34,13:21,13:37,14:48,09:24,13:09,13:25,15:40
,09:31,13:31,13:49,15:48
,09:39,13:30,13:46,15:53
,08:40,13:26,13:42,14:56,09:15,14:31,14:47,15:32
,09:35,13:36,13:52,15:51
,09:26,14:04,14:20,15:42
,09:25,13:20,13:36,15:41
,09:15,13:41,13:57,15:30
,10:10,13:20,13:36,16:21
,09:32,13:17,13:34,15:49
,09:15,13:25,13:41,15:31
,08:41,13:07,13:23,14:58,09:39,13:50,14:06,15:56
,09:27,13:24,13:40,15:43
,09:45,13:26,13:42,16:01
,09:41,13:52,14:08,15:57
,09:09,13:23,13:39,15:23
,09:23,14:42,14:58,15:39
,09:30,13:58,14:14,15:38
,09:57,14:30,14:46,16:14
,11:15,14:05,14:21,17:34
,09:51,14:16,14:32,15:59
,09:16,13:25,13:41,15:29
,09:35,13:35,13:50,15:51
,09:45,14:33,14:49,15:54
,10:02,13:51,14:22,16:30
,12:58,16:57
,09:18,13:25,13:41,15:37
,09:07,13:04,13:20,15:23
,08:58,12:57,09:32,13:34,13:50,14:08,08:27,10:32,14:13,16:02
,09:32,13:13,13:29,15:48
,09:18,13:46,14:02,15:33
,10:12,14:03,14:19,16:29
,08:55,12:54,09:33,13:50,14:08,15:52
,09:18,13:53,14:09,15:36
,09:32,13:54,14:10,15:48
,11:16,14:48,15:04
,16:12
,10:38,13:54,14:09,16:51
,09:18,13:18,13:34,15:35
,09:42,13:36,13:55,16:01
,09:15,13:34,13:51,15:30
,09:48,13:54,14:11,16:05
,09:28,13:02,13:19,15:45
,09:42,12:00,12:16,15:59
,09:45,11:30,11:46,16:02
,09:27,13:31,13:48,15:44
,09:25,13:05,13:21,15:42
,09:33,13:37,13:53,15:49
,09:45,13:05,13:21,16:02
,11:18,14:40,14:59,17:34
,09:17,13:06,13:22,15:45
,10:34,14:43,14:59,16:49
,09:43,13:09,13:29,16:02
,09:20,13:35,13:51,15:36
,09:29,13:19,13:35,15:43
,09:10,12:24,12:40,15:25
,09:22,13:53,14:09,15:38
,09:29,14:10,14:28,15:41
,08:40,13:23,13:39,14:56,09:38,13:47,14:03,15:52
,09:26,13:24,13:42,15:43
,09:27,13:59,14:15,15:38
,09:38,13:32,13:48,16:01
,09:24,12:50,13:12,15:44
,09:43,13:07,13:23,15:57
,09:33,13:50,14:07,15:52
,09:36,13:35,13:51,15:46
,11:04,14:21,14:37,17:25
,09:37,14:31,14:47,15:49
,09:40,14:20,14:36,15:54
,09:38,13:30,13:47,15:47
,09:33,13:50,14:06,15:48
,11:08,13:58,14:14,17:20
,09:45,13:26,13:42,16:00
,10:40,14:20,14:36,16:49
,09:41,13:50,14:06,15:52
,10:09,14:13,14:29,15:02
,10:40,13:40,13:57,16:57
,09:06,14:24,14:40,15:24
,09:21,13:57,14:13,15:37
,09:18,14:07,14:23,15:38
,09:17,14:09,14:25,15:31
,09:36,13:36,13:52,15:52
,11:38,15:03
,15:19
,17:45
,09:42,13:12,13:28,15:58
,09:09,13:54,14:09,15:19
,09:40,12:06,12:23,15:56
,09:17,13:17,13:33,15:34
,09:15,13:36,13:52,15:31
,09:21,13:26,13:42,15:38
,09:23,13:27,13:43,15:39
,11:10,14:02,14:18,17:31
,09:35,13:49,14:05,15:51
,09:14,13:15,13:31,15:29
,11:08,13:56,14:13,17:20
,09:42,13:16,13:33,16:00
,09:41,13:39,13:55,15:50
,09:34,13:45,14:01,15:50
,11:04,13:39,13:58,15:46
,09:32,14:10,14:27,15:47
,09:46,12:51,13:07,16:00
,09:57,14:37,14:53,16:13
,09:30,13:57,14:13,15:49
,09:29,13:57,14:13,15:47
,08:17,12:16,12:33,13:43,10:53,14:06,14:22,15:52
,09:19,12:41,12:58,15:47
,09:29,13:17,13:33,15:45
,12:01,15:56
,11:22,14:27,14:43,17:36
,11:04,15:05
,15:23
,16:00
,09:35,13:47,14:04,15:51
,09:12,13:00,13:16,15:28
,09:27,14:02,14:18,15:43
,09:22,13:11,13:27,15:38
,09:33,13:51,14:07,15:43
,09:24,13:45,14:01,15:41
,09:27,13:23,13:39,15:45
,09:55,14:16,14:33,16:09
,09:38,13:38,13:54,15:56
,09:49,14:23,14:40,16:08
,11:27,13:59,14:15,17:43
,09:19,12:47,13:03,15:36
,13:38,17:25
,08:19,11:40,12:00,14:34,10:30,13:04,13:21,16:43
,09:37,14:01,14:17,15:52
,09:51,13:38,13:54,15:59
,10:31,13:58,14:16,16:48
,09:55,13:08,13:24,16:06
,09:01,12:03,12:19,15:18
,08:06,11:38,09:13,13:01,13:17,15:30
,09:21,12:57,13:13,15:36
,09:47,13:22,13:38,16:06
,09:10,12:41,12:57,15:27
,08:50,12:47,13:03,15:04
,11:57,15:55
,11:33,13:28,13:59,17:56
,09:12,12:52,13:08,15:21
,09:32,13:34,13:50,15:48
,09:31,12:27,12:43,15:49
,09:37,12:12,12:28,15:52
,09:05,12:58,13:14,15:19
,09:24,13:15,13:31,15:40
,09:37,13:33,13:49,15:54
,09:40,12:13,12:29,15:56
,09:28,13:23,13:39,15:44
,09:18,13:07,09:08,13:03,13:19,15:18
,08:33,12:22,12:40,14:50,08:49,12:45,13:01,15:04
,09:07,12:29,12:45,15:25
,11:25,13:35,13:51,17:43
,08:40,12:46,13:02,14:54,09:05,13:15,13:42,15:34
,08:39,12:22,12:38,14:55,09:37,13:37,13:53,15:53
,12:29,16:24
,09:31,12:48,13:05,15:49
,12:27,16:24
,09:54,13:51,14:07,16:13
,08:57,12:45,13:00,15:12
,09:34,13:29,13:52,15:59
,09:28,12:58,13:14,15:44
,09:30,12:38,12:54,15:44
,10:06,13:23,13:39,16:19
,09:45,13:18,13:34,16:01
,09:45,12:23,12:39,16:00
,11:03,14:24,14:40,17:18
,10:44,13:05,13:22,16:59
,10:01,13:59,10:58,14:55,09:33,12:37,12:53,15:47
,10:05,12:45,13:02,16:22
,09:34,12:42,13:00,15:51
,12:17,16:16
,09:51,12:59,13:16,16:12
,10:01,13:08,13:27,16:20
,09:55,12:46,13:03,16:05
,09:58,13:08,13:28,16:18
,09:44,12:03,12:20,16:01
,10:46,14:44,09:27,11:59,12:15,15:45
,10:12,12:38,12:55,16:28
,09:53,12:25,12:41,16:08
,09:49,12:24,12:40,16:05
,09:55,12:53,13:09,16:11
,09:54,12:30,12:46,16:04
,10:01,12:26,12:43,16:20
,09:55,12:41,13:02,16:16
,10:18,12:45,13:05,16:36
,11:45,15:42
,09:52,13:06,13:31,16:18
,09:43,13:06,13:33,16:10
,10:06,12:43,12:59,16:23
,09:49,12:42,12:58,15:24
,09:57,13:34,13:50,16:13
,11:02,15:00
